Position,Const,Created,Modified,Description,Title,URL,Title Type,IMDb Rating,Runtime (mins),Year,Genres,Num Votes,Release Date,
1,tt7077144,12/9/2023,12/9/2023,,Hot Ones: Tony Yayo Talks Shmoney Dance & Eminem's Taco Habit While Eating Spicy Chicken Wings,https://www.imdb.com/title/tt7077144/,tvEpisode,5.3,5,2015,"Comedy, Talk-Show",24,2015-03-12,
2,tt6559584,12/9/2023,12/9/2023,,Hot Ones: Anthony Rizzo on Chicago Cubs Rivalries & Baseball Superstitions While Eating Spicy Wings,https://www.imdb.com/title/tt6559584/,tvEpisode,5.8,10,2015,"Comedy, Talk-Show",20,2015-05-12,
3,tt6559824,12/9/2023,12/9/2023,,"Hot Ones: Machine Gun Kelly Talks Diddy, Hangovers, & Amber Rose While Eating Spicy Wings",https://www.imdb.com/title/tt6559824/,tvEpisode,5.6,15,2015,"Comedy, Talk-Show",25,2015-06-11,
4,tt6563412,12/9/2023,12/9/2023,,"Hot Ones: Gunplay Talks Rick Ross, Wingstop, and X-Box Live Fights While Eating Spicy Wings",https://www.imdb.com/title/tt6563412/,tvEpisode,6.7,15,2015,"Comedy, Talk-Show",17,2015-06-23,
5,tt6563418,12/9/2023,12/9/2023,,"Hot Ones: Ja Rule Talks 50 Cent Beef, Jail Recipes, and Media Stereotypes While Eating Spicy Wings",https://www.imdb.com/title/tt6563418/,tvEpisode,6.4,18,2015,"Comedy, Talk-Show",17,2015-08-11,
6,tt6563524,12/9/2023,12/9/2023,,"Hot Ones: B.o.B Talks Eggplant Fridays, Kid Rock, and Snapchat While Eating Spicy Wings",https://www.imdb.com/title/tt6563524/,tvEpisode,6.4,17,2015,"Comedy, Talk-Show",16,2015-08-26,
7,tt6567250,12/9/2023,12/9/2023,,Hot Ones: Prince Amukamara Talks NFL Salaries & Pre-Game Sex While Eating Spicy Wings,https://www.imdb.com/title/tt6567250/,tvEpisode,6.5,17,2015,"Comedy, Talk-Show",15,2015-10-07,
8,tt7942844,12/9/2023,12/9/2023,,"Hot Ones: DJ Khaled Talks Fuccbois, Finga Licking, and Media Dinosaurs While Eating Spicy Wings",https://www.imdb.com/title/tt7942844/,tvEpisode,4,17,2015,"Comedy, Talk-Show",39,2015-10-22,
9,tt6582150,12/9/2023,12/9/2023,,"Hot Ones: Sean Evans and Chili Klaus Eat the Carolina Reaper, the World's Hottest Chili Pepper",https://www.imdb.com/title/tt6582150/,tvEpisode,8.2,12,2015,"Comedy, Talk-Show",26,2015-12-03,
10,tt7942818,12/9/2023,12/9/2023,,"Hot Ones: Curren$y Talks Munchies, Industry Games, and Rap Dogs While Eating Spicy Wings",https://www.imdb.com/title/tt7942818/,tvEpisode,6.7,19,2015,"Comedy, Talk-Show",14,2015-12-10,
11,tt6582238,12/9/2023,12/9/2023,,Hot Ones: Tinashe Talks NFL Dances and 2015's Sexiest Songs While Eating Spicy Wings,https://www.imdb.com/title/tt6582238/,tvEpisode,7.5,15,2015,"Comedy, Talk-Show",19,2015-12-17,
12,tt6560578,12/9/2023,12/9/2023,,"Hot Ones: Tommy Chong Talks Weed, Bernie Sanders, and Smoking with Snoop While Eating Spicy Wings",https://www.imdb.com/title/tt6560578/,tvEpisode,7.6,16,2016,"Comedy, Talk-Show",23,2016-02-03,
13,tt6833294,12/9/2023,12/9/2023,,"Hot Ones: T.J. Miller Talks Deadpool, Hecklers, and Relationship Advice While Eating Spicy Wings",https://www.imdb.com/title/tt6833294/,tvEpisode,7.7,18,2016,"Comedy, Talk-Show",26,2016-02-12,
14,tt7942824,12/9/2023,12/9/2023,,Hot Ones: Coolio Talks Hip-Hop Cooking and 'Gangsta's Paradise' Folklore While Eating Spicy Wings,https://www.imdb.com/title/tt7942824/,tvEpisode,7.6,16,2016,"Comedy, Talk-Show",21,2016-03-07,
15,tt7942850,12/9/2023,12/9/2023,,"Hot Ones: Joey Fatone Talks *NSYNC, DJ Khaled, and Guy Fieri While Eating Spicy Wings",https://www.imdb.com/title/tt7942850/,tvEpisode,7.3,19,2016,"Comedy, Talk-Show",17,2016-04-07,
16,tt7942856,12/9/2023,12/9/2023,,"Hot Ones: Michael Rapaport Talks LeBron James, Phife Dawg, & Reality TV While Eating Spicy Wings",https://www.imdb.com/title/tt7942856/,tvEpisode,7.2,15,2016,"Comedy, Talk-Show",20,2016-04-13,
17,tt7942866,12/9/2023,12/9/2023,,Hot Ones: Key & Peele Lose Their Minds Eating Spicy Wings,https://www.imdb.com/title/tt7942866/,tvEpisode,8.3,14,2016,"Comedy, Talk-Show",47,2016-04-28,
18,tt7942874,12/9/2023,12/9/2023,,Hot Ones: Riff Raff Goes Full Burly Boy on Some Spicy Wings,https://www.imdb.com/title/tt7942874/,tvEpisode,6.7,15,2016,"Comedy, Talk-Show",14,2016-05-05,
19,tt7942876,12/9/2023,12/9/2023,,Hot Ones: Eddie Huang Gets Destroyed by Spicy Wings,https://www.imdb.com/title/tt7942876/,tvEpisode,8.2,16,2016,"Comedy, Talk-Show",17,2016-05-31,
20,tt7942878,12/9/2023,12/9/2023,,Hot Ones: Chris D'Elia Turns Into DJ Khaled While Eating Spicy Wings,https://www.imdb.com/title/tt7942878/,tvEpisode,7.9,16,2016,"Comedy, Talk-Show",15,2016-06-09,
21,tt7942886,12/9/2023,12/9/2023,,Hot Ones: Mike Epps Gets Crushed by Spicy Wings,https://www.imdb.com/title/tt7942886/,tvEpisode,6.4,13,2016,"Comedy, Talk-Show",11,2016-06-21,
22,tt7942894,12/9/2023,12/9/2023,,Hot Ones: Jim Gaffigan Rediscovers His Flop Sweat Eating Spicy Wings,https://www.imdb.com/title/tt7942894/,tvEpisode,7.5,17,2016,"Comedy, Talk-Show",18,2016-06-23,
23,tt7942896,12/9/2023,12/9/2023,,Hot Ones: Carly Aquilino Takes on the Spicy Wings Challenge,https://www.imdb.com/title/tt7942896/,tvEpisode,7.9,16,2016,"Comedy, Talk-Show",11,2016-06-30,
24,tt7942900,12/9/2023,12/9/2023,,Hot Ones: Redman Wilds Out Eating Spicy Wings,https://www.imdb.com/title/tt7942900/,tvEpisode,7.4,17,2016,"Comedy, Talk-Show",16,2016-07-07,
25,tt7942904,12/9/2023,12/9/2023,,Hot Ones: Rob Gronkowski Gets Blindsided by Spicy Wings,https://www.imdb.com/title/tt7942904/,tvEpisode,6.9,11,2016,"Comedy, Talk-Show",18,2016-07-14,
26,tt7942906,12/9/2023,12/9/2023,,Hot Ones: Rob Corddry Cries Real Tears Eating Spicy Wings,https://www.imdb.com/title/tt7942906/,tvEpisode,7.1,16,2016,"Comedy, Talk-Show",13,2016-07-21,
27,tt7942920,12/9/2023,12/9/2023,,Hot Ones: Jeff Ross Gets Roasted by Spicy Wings,https://www.imdb.com/title/tt7942920/,tvEpisode,7.7,16,2016,"Comedy, Talk-Show",12,2016-07-28,
28,tt7942924,12/9/2023,12/9/2023,,Hot Ones: David Cross Embraces the Extremes of Spicy Wings,https://www.imdb.com/title/tt7942924/,tvEpisode,7.4,18,2016,"Comedy, Talk-Show",17,2016-07-29,
29,tt7942926,12/9/2023,12/9/2023,,Hot Ones: Eric Andre Turns Into Tay Zonday While Eating Spicy Wings,https://www.imdb.com/title/tt7942926/,tvEpisode,8.2,19,2016,"Comedy, Talk-Show",32,2016-08-04,
30,tt7942932,12/9/2023,12/9/2023,,Hot Ones: Joe Budden Keeps It Real While Eating Spicy Wings,https://www.imdb.com/title/tt7942932/,tvEpisode,6.1,24,2016,"Comedy, Talk-Show",13,2016-08-11,
31,tt7942934,12/9/2023,12/9/2023,,Hot Ones: Matty Matheson Turns Into a Motivational Speaker Eating Spicy Wings,https://www.imdb.com/title/tt7942934/,tvEpisode,6.7,21,2016,"Comedy, Talk-Show",10,2016-08-18,
32,tt7942938,12/9/2023,12/9/2023,,Hot Ones: RZA and Paul Banks Tag Team Spicy Wings,https://www.imdb.com/title/tt7942938/,tvEpisode,7,16,2016,"Comedy, Talk-Show",10,2016-08-25,
33,tt7942946,12/9/2023,12/9/2023,,Hot Ones: Bert Kreischer Sweats Profusely Eating Spicy Wings,https://www.imdb.com/title/tt7942946/,tvEpisode,8.8,26,2016,"Comedy, Talk-Show",13,2016-09-01,
34,tt7942960,12/9/2023,12/9/2023,,Hot Ones: YG Keeps His Bool Eating Spicy Nuggets,https://www.imdb.com/title/tt7942960/,tvEpisode,6.8,20,2016,"Comedy, Talk-Show",10,2016-09-08,
35,tt7942968,12/9/2023,12/9/2023,,"Hot Ones: Jay Pharoah Reviews Hot Sauce as Will Smith, Jay Z, Denzel Washington, and More",https://www.imdb.com/title/tt7942968/,tvEpisode,8.4,3,2016,"Comedy, Talk-Show",9,2016-09-13,
36,tt7942994,12/9/2023,12/9/2023,,Hot Ones: Jay Pharoah Has a Staring Contest While Eating Spicy Wings,https://www.imdb.com/title/tt7942994/,tvEpisode,7.7,23,2016,"Comedy, Talk-Show",10,2016-09-15,
37,tt7942996,12/9/2023,12/9/2023,,Hot Ones: Chili Klaus and Sean Evans Eat the World's Hottest Pepper on the Carriage Ride from Hell,https://www.imdb.com/title/tt7942996/,tvEpisode,8.1,8,2016,"Comedy, Talk-Show",20,2016-09-20,
38,tt7943000,12/9/2023,12/9/2023,,Hot Ones: Harley Morenstein Has His Worst Day of 2016 Eating Spicy Wings,https://www.imdb.com/title/tt7943000/,tvEpisode,7.3,20,2016,"Comedy, Talk-Show",11,2016-09-22,
39,tt7943004,12/9/2023,12/9/2023,,Hot Ones: Travis Kelce Gets Woozy Eating Spicy Wings,https://www.imdb.com/title/tt7943004/,tvEpisode,7.7,17,2016,"Comedy, Talk-Show",11,2016-09-29,
40,tt7943006,12/9/2023,12/9/2023,,Hot Ones: Hasan Minhaj Has an Out-of-Body Experience Eating Spicy Wings,https://www.imdb.com/title/tt7943006/,tvEpisode,7.6,20,2016,"Comedy, Talk-Show",16,2016-10-06,
41,tt7943012,12/9/2023,12/9/2023,,Hot Ones: Kevin Hart Catches a High Eating Spicy Wings,https://www.imdb.com/title/tt7943012/,tvEpisode,7.5,23,2016,"Comedy, Talk-Show",37,2016-10-11,
42,tt7943034,12/9/2023,12/9/2023,,Hot Ones: World's Hottest Chip Challenge Featuring Emily Oberg and Nadeska Alexis,https://www.imdb.com/title/tt7943034/,tvEpisode,6.6,5,2016,"Comedy, Talk-Show",9,2016-10-19,
43,tt7943042,12/9/2023,12/9/2023,,Hot Ones: Martin Garrix Tests His Limits Eating Spicy Wings,https://www.imdb.com/title/tt7943042/,tvEpisode,6.7,18,2016,"Comedy, Talk-Show",11,2016-10-20,
44,tt7943048,12/9/2023,12/9/2023,,Hot Ones: Bobby Lee Has an Accident Eating Spicy Wings,https://www.imdb.com/title/tt7943048/,tvEpisode,7.8,18,2016,"Comedy, Talk-Show",16,2016-10-27,
45,tt7943054,12/9/2023,12/9/2023,,Hot Ones: Hot Sauce Shopping at Heatonist,https://www.imdb.com/title/tt7943054/,tvEpisode,6.4,15,2016,"Comedy, Talk-Show",8,2016-11-02,
46,tt7943060,12/9/2023,12/9/2023,,Hot Ones: Tony Hawk Eats Spicy Wings Live at ComplexCon,https://www.imdb.com/title/tt7943060/,tvEpisode,7,32,2016,"Comedy, Talk-Show",9,2016-11-05,
47,tt7943140,12/9/2023,12/9/2023,,Hot Ones: Hot Ones Live Trivia with Super Fans at ComplexCon,https://www.imdb.com/title/tt7943140/,tvEpisode,5.3,25,2016,"Comedy, Talk-Show",8,2016-11-06,
48,tt7943152,12/9/2023,12/9/2023,,Hot Ones: Action Bronson Blows His High Eating Spicy Wings,https://www.imdb.com/title/tt7943152/,tvEpisode,7,21,2016,"Comedy, Talk-Show",12,2016-11-10,
49,tt7943192,12/9/2023,12/9/2023,,Hot Ones: Action Bronson Eating Wings in Reverse,https://www.imdb.com/title/tt7943192/,tvEpisode,6.8,1,2016,"Comedy, Talk-Show",7,2016-11-12,
50,tt7943196,12/9/2023,12/9/2023,,Hot Ones: T-Pain Has a Tongue Seizure Eating Spicy Wings,https://www.imdb.com/title/tt7943196/,tvEpisode,7,21,2016,"Comedy, Talk-Show",11,2016-11-17,
51,tt7943198,12/9/2023,12/9/2023,,Hot Ones: Rachael Ray Mainlines Hot Sauce for Thanksgiving,https://www.imdb.com/title/tt7943198/,tvEpisode,6.7,17,2016,"Comedy, Talk-Show",17,2016-11-24,
52,tt7943204,12/9/2023,12/9/2023,,Hot Ones: Tom Colicchio Goes Full Top Chef on Some Spicy Wings,https://www.imdb.com/title/tt7943204/,tvEpisode,7.3,18,2016,"Comedy, Talk-Show",10,2016-12-01,
53,tt7943210,12/9/2023,12/9/2023,,Hot Ones: Post Malone Sauces on Everyone While Eating Spicy Wings,https://www.imdb.com/title/tt7943210/,tvEpisode,7.8,19,2016,"Comedy, Talk-Show",22,2016-12-08,
54,tt7943218,12/9/2023,12/9/2023,,Hot Ones: N.O.R.E. Gets Wasted While Eating Spicy Wings,https://www.imdb.com/title/tt7943218/,tvEpisode,7.8,22,2016,"Comedy, Talk-Show",11,2016-12-15,
55,tt7943220,12/9/2023,12/9/2023,,Hot Ones: James Franco and Bryan Cranston Bond Over Spicy Wings,https://www.imdb.com/title/tt7943220/,tvEpisode,6.9,15,2016,"Comedy, Talk-Show",24,2016-12-22,
56,tt7943228,12/9/2023,12/9/2023,,Hot Ones: The Hot Ones Holiday Special,https://www.imdb.com/title/tt7943228/,tvEpisode,5.7,12,2016,"Comedy, Talk-Show",8,2016-12-24,
57,tt7942832,12/9/2023,12/9/2023,,Hot Ones: Hot Ones Mailbag: Sean Evans Answers Fan Questions,https://www.imdb.com/title/tt7942832/,tvEpisode,6,9,2016,"Comedy, Talk-Show",7,2016-12-29,
58,tt6569430,12/9/2023,12/9/2023,,Hot Ones: Rhett & Link Eat the World's Spiciest Curry with Sean Evans,https://www.imdb.com/title/tt6569430/,tvEpisode,7,17,2017,"Comedy, Talk-Show",14,2017-01-12,
59,tt7942816,12/9/2023,12/9/2023,,Hot Ones: Padma Lakshmi Gracefully Destroys Spicy Wings,https://www.imdb.com/title/tt7942816/,tvEpisode,7.4,17,2017,"Comedy, Talk-Show",19,2017-01-19,
60,tt7942814,12/9/2023,12/9/2023,,Hot Ones: Joey 'CoCo' Diaz Breaks Out the Blue Cheese While Eating Spicy Wings,https://www.imdb.com/title/tt7942814/,tvEpisode,8.1,19,2017,"Comedy, Talk-Show",17,2017-01-26,
61,tt7942810,12/9/2023,12/9/2023,,Hot Ones: Danny Brown Has an Orgasm Eating Spicy Wings,https://www.imdb.com/title/tt7942810/,tvEpisode,6.2,,2017,"Comedy, Talk-Show",10,2017-02-02,
62,tt7942798,12/9/2023,12/9/2023,,Hot Ones: Ricky Gervais Pits His Mild British Palate Against Spicy Wings,https://www.imdb.com/title/tt7942798/,tvEpisode,7.4,22,2017,"Comedy, Talk-Show",44,2017-02-09,
63,tt7701162,12/9/2023,12/9/2023,,Hot Ones: Charlie Day Learns to Love Ridiculously Spicy Wings,https://www.imdb.com/title/tt7701162/,tvEpisode,8,18,2017,"Comedy, Talk-Show",32,2017-02-16,
64,tt7942782,12/9/2023,12/9/2023,,Hot Ones: Mac DeMarco Tries to Stay Chill While Eating Spicy Wings,https://www.imdb.com/title/tt7942782/,tvEpisode,7.3,19,2017,"Comedy, Talk-Show",15,2017-02-23,
65,tt7942768,12/9/2023,12/9/2023,,Hot Ones: Russell Brand Achieves Enlightenment While Eating Spicy Wings,https://www.imdb.com/title/tt7942768/,tvEpisode,8,22,2017,"Comedy, Talk-Show",24,2017-03-02,
66,tt7942760,12/9/2023,12/9/2023,,Hot Ones: Charlie Sloth Makes His Mum Proud Eating Spicy Wings,https://www.imdb.com/title/tt7942760/,tvEpisode,6.8,19,2017,"Comedy, Talk-Show",9,2017-03-09,
67,tt7942756,12/9/2023,12/9/2023,,Hot Ones: Kyle Kinane Gets Angry Eating Spicy Wings,https://www.imdb.com/title/tt7942756/,tvEpisode,6,20,2017,"Comedy, Talk-Show",8,2017-03-16,
68,tt7942752,12/9/2023,12/9/2023,,Hot Ones: Dax Shepard Does Mental Math While Eating Spicy Wings,https://www.imdb.com/title/tt7942752/,tvEpisode,8.1,22,2017,"Comedy, Talk-Show",25,2017-03-23,
69,tt7238852,12/9/2023,12/9/2023,,Hot Ones: H3H3 Productions Does Couples Therapy While Eating Spicy Wings,https://www.imdb.com/title/tt7238852/,tvEpisode,7.4,,2017,"Comedy, Talk-Show",17,2017-03-30,
70,tt7942726,12/9/2023,12/9/2023,,Hot Ones: Keke Palmer Laughs Uncontrollably While Eating Spicy Wings,https://www.imdb.com/title/tt7942726/,tvEpisode,6,19,2017,"Comedy, Talk-Show",10,2017-04-06,
71,tt7942724,12/9/2023,12/9/2023,,Hot Ones: Charlamagne Tha God Gets Heated Eating Spicy Wings,https://www.imdb.com/title/tt7942724/,tvEpisode,6.4,21,2017,"Comedy, Talk-Show",8,2017-04-13,
72,tt7942720,12/9/2023,12/9/2023,,Hot Ones: DJ Snake Reveals His Human Side While Eating Spicy Wings,https://www.imdb.com/title/tt7942720/,tvEpisode,6.8,19,2017,"Comedy, Talk-Show",10,2017-04-20,
73,tt7942718,12/9/2023,12/9/2023,,Hot Ones: Guy Fieri Becomes the Mayor of Spicy Wings,https://www.imdb.com/title/tt7942718/,tvEpisode,7.5,,2017,"Comedy, Talk-Show",26,2017-04-27,
74,tt7942714,12/9/2023,12/9/2023,,Hot Ones: Kevin Love Gets Dunked on by Spicy Wings,https://www.imdb.com/title/tt7942714/,tvEpisode,7.5,,2017,"Comedy, Talk-Show",11,2017-05-04,
75,tt7942706,12/9/2023,12/9/2023,,Hot Ones: Neil deGrasse Tyson Explains the Universe While Eating Spicy Wings,https://www.imdb.com/title/tt7942706/,tvEpisode,7.9,26,2017,"Comedy, Talk-Show",27,2017-05-11,
76,tt7942700,12/9/2023,12/9/2023,,Hot Ones: Thomas Middleditch Does Improv While Eating Spicy Wings,https://www.imdb.com/title/tt7942700/,tvEpisode,8,21,2017,"Comedy, Talk-Show",11,2017-05-18,
77,tt7942698,12/9/2023,12/9/2023,,Hot Ones: Andy Cohen Spills the Tea While Eating Spicy Wings,https://www.imdb.com/title/tt7942698/,tvEpisode,8,20,2017,"Comedy, Talk-Show",8,2017-05-25,
78,tt7942690,12/9/2023,12/9/2023,,Hot Ones: Tom Arnold Melts Down While Eating Spicy Wings,https://www.imdb.com/title/tt7942690/,tvEpisode,8,17,2017,"Comedy, Talk-Show",9,2017-06-01,
79,tt7942688,12/9/2023,12/9/2023,,Hot Ones: Coyote Peterson Gets Stung by Spicy Wings,https://www.imdb.com/title/tt7942688/,tvEpisode,7.9,,2017,"Comedy, Talk-Show",14,2017-06-08,
80,tt7942684,12/9/2023,12/9/2023,,Hot Ones: Nick Kroll Delivers a PSA While Eating Spicy Wings,https://www.imdb.com/title/tt7942684/,tvEpisode,8,,2017,"Comedy, Talk-Show",11,2017-06-15,
81,tt7942678,12/9/2023,12/9/2023,,Hot Ones: Superfan Brett Baker Grills Sean Evans Over Spicy Wings,https://www.imdb.com/title/tt7942678/,tvEpisode,8.8,23,2017,"Comedy, Talk-Show",9,2017-06-22,
82,tt7096976,12/9/2023,12/9/2023,,Hot Ones: Seth Rogen and Dominic Cooper Suffer While Eating Spicy Wings,https://www.imdb.com/title/tt7096976/,tvEpisode,7.6,13,2017,"Comedy, Talk-Show",20,2017-06-29,
83,tt7461934,12/9/2023,12/9/2023,,Hot Ones: Cara Delevingne Shows Her Hot Sauce Balls While Eating Spicy Wings,https://www.imdb.com/title/tt7461934/,tvEpisode,7.2,17,2017,"Comedy, Talk-Show",21,2017-07-20,
84,tt7461958,12/9/2023,12/9/2023,,Hot Ones: Liam Payne Gets Cocky Eating Spicy Wings,https://www.imdb.com/title/tt7461958/,tvEpisode,6.5,22,2017,"Comedy, Talk-Show",13,2017-07-27,
85,tt7942578,12/9/2023,12/9/2023,,Hot Ones: Steve-O Tells Insane Stories While Eating Spicy Wings,https://www.imdb.com/title/tt7942578/,tvEpisode,7.4,,2017,"Comedy, Talk-Show",35,2017-08-03,
86,tt7942572,12/9/2023,12/9/2023,,Hot Ones: Vince Staples Delivers Hot Takes While Eating Spicy Wings,https://www.imdb.com/title/tt7942572/,tvEpisode,7.7,20,2017,"Comedy, Talk-Show",15,2017-08-10,
87,tt7942568,12/9/2023,12/9/2023,,Hot Ones: Adam Richman Fanboys Out While Eating Spicy Wings,https://www.imdb.com/title/tt7942568/,tvEpisode,7.6,,2017,"Comedy, Talk-Show",16,2017-08-17,
88,tt7942566,12/9/2023,12/9/2023,,Hot Ones: ASAP Ferg Harlem Shakes While Eating Spicy Wings,https://www.imdb.com/title/tt7942566/,tvEpisode,7.9,22,2017,"Comedy, Talk-Show",8,2017-08-24,
89,tt7942562,12/9/2023,12/9/2023,,Hot Ones: Kevin Durant Sweats It Out Over Spicy Wings,https://www.imdb.com/title/tt7942562/,tvEpisode,7.4,18,2017,"Comedy, Talk-Show",11,2017-08-31,
90,tt7942558,12/9/2023,12/9/2023,,Hot Ones: Henry Rollins Channels His Anger at Spicy Wings,https://www.imdb.com/title/tt7942558/,tvEpisode,7.9,23,2017,"Comedy, Talk-Show",18,2017-09-07,
91,tt7392042,12/9/2023,12/9/2023,,Hot Ones: Dillon Francis Hurts His Body with Spicy Wings,https://www.imdb.com/title/tt7392042/,tvEpisode,7.9,22,2017,"Comedy, Talk-Show",9,2017-09-14,
92,tt7412184,12/9/2023,12/9/2023,,Hot Ones: Joji Sets His Face on Fire While Eating Spicy Wings,https://www.imdb.com/title/tt7412184/,tvEpisode,7.6,22,2017,"Comedy, Talk-Show",20,2017-09-21,
93,tt7461950,12/9/2023,12/9/2023,,Hot Ones: Wanda Sykes Confesses Everything While Eating Spicy Wings,https://www.imdb.com/title/tt7461950/,tvEpisode,7.6,19,2017,"Comedy, Talk-Show",19,2017-09-27,
94,tt7942270,12/9/2023,12/9/2023,,Hot Ones: Terry Crews Hallucinates While Eating Spicy Wings,https://www.imdb.com/title/tt7942270/,tvEpisode,8.2,22,2017,"Comedy, Talk-Show",35,2017-10-05,
95,tt7942452,12/9/2023,12/9/2023,,Hot Ones: Gary Vaynerchuk Tests His Mental Toughness While Eating Spicy Wings,https://www.imdb.com/title/tt7942452/,tvEpisode,8.7,21,2017,"Comedy, Talk-Show",11,2017-10-12,
96,tt7942448,12/9/2023,12/9/2023,,Hot Ones: Artie Lange Is Raw and Uncensored While Eating Spicy Wings,https://www.imdb.com/title/tt7942448/,tvEpisode,7.8,22,2017,"Comedy, Talk-Show",13,2017-10-19,
97,tt7942440,12/9/2023,12/9/2023,,Hot Ones: Chris Jericho Gets Body Slammed by Spicy Wings,https://www.imdb.com/title/tt7942440/,tvEpisode,7.6,21,2017,"Comedy, Talk-Show",15,2017-10-26,
98,tt7942436,12/9/2023,12/9/2023,,Hot Ones: Gabrielle Union Impersonates DMX While Eating Spicy Wings,https://www.imdb.com/title/tt7942436/,tvEpisode,8.2,,2017,"Comedy, Talk-Show",14,2017-11-02,
99,tt7942432,12/9/2023,12/9/2023,,Hot Ones: Wale Battles Spicy Wings Live,https://www.imdb.com/title/tt7942432/,tvEpisode,7,29,2017,"Comedy, Talk-Show",7,2017-11-09,Kai Streets
100,tt7942324,12/9/2023,12/9/2023,,Hot Ones: Bob Saget Hiccups Uncontrollably While Eating Spicy Wings,https://www.imdb.com/title/tt7942324/,tvEpisode,7.6,22,2017,"Comedy, Talk-Show",18,2017-11-16,
101,tt7942314,12/9/2023,12/9/2023,,Hot Ones: Mario Batali Celebrates Thanksgiving with Spicy Wings,https://www.imdb.com/title/tt7942314/,tvEpisode,,,2017,"Comedy, Talk-Show",,2017-11-23,
102,tt7942304,12/9/2023,12/9/2023,,Hot Ones: Alexa Chung Fears for Her Life While Eating Spicy Wings,https://www.imdb.com/title/tt7942304/,tvEpisode,7,,2017,"Comedy, Talk-Show",11,2017-11-30,
103,tt7942302,12/9/2023,12/9/2023,,Hot Ones: Logic Solves a Rubik's Cube While Eating Spicy Wings,https://www.imdb.com/title/tt7942302/,tvEpisode,7.1,21,2017,"Comedy, Talk-Show",16,2017-12-07,
104,tt7942294,12/9/2023,12/9/2023,,Hot Ones: Casey Neistat Melts His Face Off While Eating Spicy Wings,https://www.imdb.com/title/tt7942294/,tvEpisode,8.1,23,2017,"Comedy, Talk-Show",13,2017-12-14,
105,tt7942282,12/9/2023,12/9/2023,,Hot Ones: Chili Klaus Faces the Most Extreme Hot Ones Ever,https://www.imdb.com/title/tt7942282/,tvEpisode,8.3,20,2017,"Comedy, Talk-Show",13,2017-12-28,
106,tt7942170,12/9/2023,12/9/2023,,Hot Ones: Taraji P. Henson Needs a Stunt Double to Eat Spicy Wings,https://www.imdb.com/title/tt7942170/,tvEpisode,6.2,19,2018,"Comedy, Talk-Show",13,2018-01-18,
107,tt7942248,12/9/2023,12/9/2023,,Hot Ones: Sasha Banks Bosses Up While Eating Spicy Wings,https://www.imdb.com/title/tt7942248/,tvEpisode,7.9,20,2018,"Comedy, Talk-Show",16,2018-01-25,
108,tt7952866,12/9/2023,12/9/2023,,Hot Ones: Von Miller Geeks Out Over Spicy Wings,https://www.imdb.com/title/tt7952866/,tvEpisode,8,20,2018,"Comedy, Talk-Show",8,2018-02-01,
109,tt7982914,12/9/2023,12/9/2023,,Hot Ones: Rich Brian Experiences Peak Bromance While Eating Spicy Wings,https://www.imdb.com/title/tt7982914/,tvEpisode,6.8,,2018,"Comedy, Talk-Show",9,2018-02-08,
110,tt8012940,12/9/2023,12/9/2023,,Hot Ones: Hannibal Buress Freestyles While Eating Spicy Wings,https://www.imdb.com/title/tt8012940/,tvEpisode,7.8,,2018,"Comedy, Talk-Show",15,2018-02-15,
111,tt8044982,12/9/2023,12/9/2023,,Hot Ones: Michael B. Jordan Gets Knocked Out by Spicy Wings,https://www.imdb.com/title/tt8044982/,tvEpisode,7.8,22,2018,"Comedy, Talk-Show",25,2018-02-22,
112,tt8079402,12/9/2023,12/9/2023,,Hot Ones: Ty Burrell Fears Sudden Death While Eating Spicy Wings,https://www.imdb.com/title/tt8079402/,tvEpisode,7.7,20,2018,"Comedy, Talk-Show",21,2018-03-01,
113,tt8110024,12/9/2023,12/9/2023,,Hot Ones: Charlize Theron Takes a Rorschach Test While Eating Spicy Wings,https://www.imdb.com/title/tt8110024/,tvEpisode,8.1,23,2018,"Comedy, Talk-Show",45,2018-03-08,
114,tt8144160,12/9/2023,12/9/2023,,Hot Ones: Adam Rippon Competes in the Olympics of Eating Spicy Wings,https://www.imdb.com/title/tt8144160/,tvEpisode,7.5,21,2018,"Comedy, Talk-Show",12,2018-03-15,
115,tt8177430,12/9/2023,12/9/2023,,Hot Ones: Gabriel Iglesias Does Wrestling Trivia While Eating Spicy Wings,https://www.imdb.com/title/tt8177430/,tvEpisode,7.3,,2018,"Comedy, Talk-Show",18,2018-03-22,
116,tt8208508,12/9/2023,12/9/2023,,Hot Ones: Shawn Mendes Reveals a New Side of Himself While Eating Spicy Wings,https://www.imdb.com/title/tt8208508/,tvEpisode,7.3,23,2018,"Comedy, Talk-Show",20,2018-03-29,
117,tt8240806,12/9/2023,12/9/2023,,Hot Ones: Philip DeFranco Sets a YouTube Record While Eating Spicy Wings,https://www.imdb.com/title/tt8240806/,tvEpisode,7.5,,2018,"Comedy, Talk-Show",13,2018-04-05,
118,tt8270730,12/9/2023,12/9/2023,,Hot Ones: Trick Daddy Prays for Help While Eating Spicy Wings,https://www.imdb.com/title/tt8270730/,tvEpisode,6.6,23,2018,"Comedy, Talk-Show",11,2018-04-12,
119,tt8304448,12/9/2023,12/9/2023,,Hot Ones: Tyra Banks Cries for Her Mom While Eating Spicy Wings,https://www.imdb.com/title/tt8304448/,tvEpisode,6.8,27,2018,"Comedy, Talk-Show",17,2018-04-19,
120,tt8335586,12/9/2023,12/9/2023,,Hot Ones: Alton Brown Rigorously Reviews Spicy Wings,https://www.imdb.com/title/tt8335586/,tvEpisode,7.6,24,2018,"Comedy, Talk-Show",28,2018-04-26,
121,tt8365926,12/9/2023,12/9/2023,,Hot Ones: John Mayer Has a Sing-Off While Eating Spicy Wings,https://www.imdb.com/title/tt8365926/,tvEpisode,7.8,26,2018,"Comedy, Talk-Show",16,2018-05-03,
122,tt11850294,12/9/2023,12/9/2023,,Hot Ones: Kevin Hart and Tiffany Haddish Play Truth or Dab,https://www.imdb.com/title/tt11850294/,tvEpisode,7,,2018,"Comedy, Talk-Show",7,2018-09-24,
123,tt8956146,12/9/2023,12/9/2023,,Hot Ones: Eddie Huang Seeks Revenge Against Spicy Wings,https://www.imdb.com/title/tt8956146/,tvEpisode,6.9,23,2018,"Comedy, Talk-Show",10,2018-09-06,
124,tt8922170,12/9/2023,12/9/2023,,Hot Ones: Jeff Goldblum Says He Likes to Be Called Daddy While Eating Spicy Wings,https://www.imdb.com/title/tt8922170/,tvEpisode,8.3,31,2018,"Comedy, Talk-Show",46,2018-08-30,
125,tt8886486,12/9/2023,12/9/2023,,Hot Ones: Rhett & Link Hiccup Uncontrollably While Eating Spicy Wings,https://www.imdb.com/title/tt8886486/,tvEpisode,7.4,,2018,"Comedy, Talk-Show",17,2018-08-23,
126,tt8853252,12/9/2023,12/9/2023,,Hot Ones: Issa Rae Raps While Eating Spicy Wings,https://www.imdb.com/title/tt8853252/,tvEpisode,7.1,,2018,"Comedy, Talk-Show",11,2018-08-16,
127,tt8819510,12/9/2023,12/9/2023,,Hot Ones: Michael Cera Experiences Mouth Pains While Eating Spicy Wings,https://www.imdb.com/title/tt8819510/,tvEpisode,7.9,23,2018,"Comedy, Talk-Show",36,2018-08-09,
128,tt8786072,12/9/2023,12/9/2023,,Hot Ones: Al Roker Gets Hit by a Heat Wave of Spicy Wings,https://www.imdb.com/title/tt8786072/,tvEpisode,7.6,24,2018,"Comedy, Talk-Show",17,2018-08-02,
129,tt8755774,12/9/2023,12/9/2023,,Hot Ones: Wiz Khalifa Gets Smoked Out by Spicy Wings,https://www.imdb.com/title/tt8755774/,tvEpisode,7.5,23,2018,"Comedy, Talk-Show",13,2018-07-26,
130,tt8720630,12/9/2023,12/9/2023,,Hot Ones: Joji and Rich Brian Play the Newlywed Game While Eating Spicy Wings,https://www.imdb.com/title/tt8720630/,tvEpisode,7.4,25,2018,"Comedy, Talk-Show",10,2018-07-19,
131,tt8693712,12/9/2023,12/9/2023,,Hot Ones: Tom Segura Tears Up While Eating Spicy Wings,https://www.imdb.com/title/tt8693712/,tvEpisode,8,25,2018,"Comedy, Talk-Show",20,2018-07-12,
132,tt8633844,12/9/2023,12/9/2023,,Hot Ones: Joel Embiid Trusts the Process While Eating Spicy Wings,https://www.imdb.com/title/tt8633844/,tvEpisode,7.2,,2018,"Comedy, Talk-Show",13,2018-06-28,
133,tt8592918,12/9/2023,12/9/2023,,Hot Ones: Marques Brownlee Ranks Hot Sauce Labels While Eating Spicy Wings,https://www.imdb.com/title/tt8592918/,tvEpisode,8.1,,2018,"Comedy, Talk-Show",16,2018-06-21,
134,tt8559010,12/9/2023,12/9/2023,,Hot Ones: Natalie Portman Pirouettes in Pain While Eating Spicy Wings,https://www.imdb.com/title/tt8559010/,tvEpisode,7.5,18,2018,"Comedy, Talk-Show",43,2018-06-14,
135,tt8524826,12/9/2023,12/9/2023,,Hot Ones: Johnny Knoxville Gets Smoked by Spicy Wings,https://www.imdb.com/title/tt8524826/,tvEpisode,7.3,21,2018,"Comedy, Talk-Show",34,2018-06-07,
136,tt9077972,12/9/2023,12/9/2023,,Hot Ones: Chrissy Teigen Gets Drunk on Spicy Wings,https://www.imdb.com/title/tt9077972/,tvEpisode,6.5,,2018,"Comedy, Talk-Show",23,2018-10-04,
137,tt9112260,12/9/2023,12/9/2023,,Hot Ones: Tenacious D Gets Rocked by Spicy Wings,https://www.imdb.com/title/tt9112260/,tvEpisode,7.3,25,2018,"Comedy, Talk-Show",35,2018-10-11,
138,tt9148594,12/9/2023,12/9/2023,,Hot Ones: Anderson.Paak Sings Hot Sauce Ballads While Eating Spicy Wings,https://www.imdb.com/title/tt9148594/,tvEpisode,7.4,,2018,"Comedy, Talk-Show",14,2018-10-18,
139,tt9184030,12/9/2023,12/9/2023,,Hot Ones: Adam Carolla Rants Like a Pro While Eating Spicy Wings,https://www.imdb.com/title/tt9184030/,tvEpisode,7.6,28,2018,"Comedy, Talk-Show",11,2018-10-25,
140,tt9216098,12/9/2023,12/9/2023,,Hot Ones: Lil Yachty Has His First Experience with Spicy Wings,https://www.imdb.com/title/tt9216098/,tvEpisode,7,,2018,"Comedy, Talk-Show",12,2018-11-01,
141,tt9251592,12/9/2023,12/9/2023,,Hot Ones: E-40 Asks a Fan to Save Him While Eating Spicy Wings,https://www.imdb.com/title/tt9251592/,tvEpisode,7,23,2018,"Comedy, Talk-Show",9,2018-11-08,
142,tt9287582,12/9/2023,12/9/2023,,Hot Ones: Lilly Singh Fears for Her Life While Eating Spicy Wings,https://www.imdb.com/title/tt9287582/,tvEpisode,6.8,21,2018,"Comedy, Talk-Show",11,2018-11-15,
143,tt9322188,12/9/2023,12/9/2023,,Hot Ones: Blake Griffin Gets Full-Court Pressed by Spicy Wings,https://www.imdb.com/title/tt9322188/,tvEpisode,7.2,,2018,"Comedy, Talk-Show",10,2018-11-22,
144,tt9364170,12/9/2023,12/9/2023,,Hot Ones: Bill Burr Gets Red in the Face While Eating Spicy Wings,https://www.imdb.com/title/tt9364170/,tvEpisode,8.1,,2018,"Comedy, Talk-Show",44,2018-11-29,
145,tt9399364,12/9/2023,12/9/2023,,Hot Ones: Pete Holmes Does Improv While Eating Spicy Wings,https://www.imdb.com/title/tt9399364/,tvEpisode,7.5,,2018,"Comedy, Talk-Show",11,2018-12-06,
146,tt9430308,12/9/2023,12/9/2023,,Hot Ones: Vanessa Hudgens Does Tongue Twisters While Eating Spicy Wings,https://www.imdb.com/title/tt9430308/,tvEpisode,7.4,,2018,"Comedy, Talk-Show",16,2018-12-13,
147,tt9475858,12/9/2023,12/9/2023,,Hot Ones: 'Weird Al' Yankovic Goes Beyond Insanity While Eating Spicy Wings,https://www.imdb.com/title/tt9475858/,tvEpisode,7.7,,2018,"Comedy, Talk-Show",32,2018-12-20,
148,tt9664712,12/9/2023,12/9/2023,,Hot Ones: Gordon Ramsay Savagely Critiques Spicy Wings,https://www.imdb.com/title/tt9664712/,tvEpisode,8.8,30,2019,"Comedy, Talk-Show",114,2019-06-24,
149,tt9696988,12/9/2023,12/9/2023,,Hot Ones: Abbi and Ilana of Broad City Go Numb While Eating Spicy Wings,https://www.imdb.com/title/tt9696988/,tvEpisode,7.1,,2019,"Comedy, Talk-Show",20,2019-01-31,
150,tt9786914,12/9/2023,12/9/2023,,Hot Ones: Seth Meyers Unravels While Eating Spicy Wings,https://www.imdb.com/title/tt9786914/,tvEpisode,7.6,26,2019,"Comedy, Talk-Show",28,2019-02-07,
151,tt9785870,12/9/2023,12/9/2023,,Hot Ones: Ken Jeong Performs a Physical While Eating Spicy Wings,https://www.imdb.com/title/tt9785870/,tvEpisode,7.3,,2019,"Comedy, Talk-Show",36,2019-02-14,
152,tt9870794,12/9/2023,12/9/2023,,Hot Ones: Desus and Mero Get Smacked by Spicy Wings,https://www.imdb.com/title/tt9870794/,tvEpisode,7.4,,2019,"Comedy, Talk-Show",14,2019-02-21,
153,tt9870760,12/9/2023,12/9/2023,,Hot Ones: Offset Screams Like Ric Flair While Eating Spicy Wings,https://www.imdb.com/title/tt9870760/,tvEpisode,6.2,21,2019,"Comedy, Talk-Show",14,2019-02-28,
154,tt9897652,12/9/2023,12/9/2023,,Hot Ones: Billie Eilish Freaks Out While Eating Spicy Wings,https://www.imdb.com/title/tt9897652/,tvEpisode,7.5,25,2019,"Comedy, Talk-Show",52,2019-03-07,
155,tt10022724,12/9/2023,12/9/2023,,Hot Ones: Shaq Tries to Not Make a Face While Eating Spicy Wings,https://www.imdb.com/title/tt10022724/,tvEpisode,7.9,31,2019,"Comedy, Talk-Show",64,2019-03-14,
156,tt10057942,12/9/2023,12/9/2023,,Hot Ones: Theo Von Fights the Dark Arts While Eating Spicy Wings,https://www.imdb.com/title/tt10057942/,tvEpisode,7.8,24,2019,"Comedy, Talk-Show",20,2019-03-21,
157,tt10096266,12/9/2023,12/9/2023,,Hot Ones: Jimmy Butler Goes Rocky Balboa on Spicy Wings,https://www.imdb.com/title/tt10096266/,tvEpisode,7,,2019,"Comedy, Talk-Show",11,2019-03-28,
158,tt10146420,12/9/2023,12/9/2023,,Hot Ones: Chelsea Handler Goes Off the Rails While Eating Spicy Wings,https://www.imdb.com/title/tt10146420/,tvEpisode,7.4,,2019,"Comedy, Talk-Show",15,2019-04-04,
159,tt10166870,12/9/2023,12/9/2023,,Hot Ones: Scarlett Johansson Tries to Not Spoil Avengers While Eating Spicy Wings,https://www.imdb.com/title/tt10166870/,tvEpisode,7.8,26,2019,"Comedy, Talk-Show",62,2019-04-11,
160,tt11849626,12/9/2023,12/9/2023,,Hot Ones: Machine Gun Kelly Has a Rematch with the Wings of Death,https://www.imdb.com/title/tt11849626/,tvEpisode,,,2018,"Comedy, Talk-Show",,2018-05-10,
161,tt10940302,12/9/2023,12/9/2023,,Hot Ones: Jay Pharoah Channels Keanu Reeves While Eating Spicy Wings,https://www.imdb.com/title/tt10940302/,tvEpisode,,,2019,"Comedy, Talk-Show",,2019-09-05,
162,tt10809254,12/9/2023,12/9/2023,,Hot Ones: Stone Cold Steve Austin Puts the Stunner on Spicy Wings,https://www.imdb.com/title/tt10809254/,tvEpisode,8.1,30,2019,"Comedy, Talk-Show",40,2019-08-15,
163,tt10769712,12/9/2023,12/9/2023,,Hot Ones: Kristen Bell Ponders Morality While Eating Spicy Wings,https://www.imdb.com/title/tt10769712/,tvEpisode,7.8,26,2019,"Comedy, Talk-Show",41,2019-08-08,
164,tt10737972,12/9/2023,12/9/2023,,Hot Ones: Idris Elba Wants to Fight While Eating Spicy Wings,https://www.imdb.com/title/tt10737972/,tvEpisode,8.1,29,2019,"Comedy, Talk-Show",33,2019-08-01,
165,tt10694754,12/9/2023,12/9/2023,,Hot Ones: Juice WRLD Eats Spicy Wings Live,https://www.imdb.com/title/tt10694754/,tvEpisode,6.8,20,2019,"Comedy, Talk-Show",11,2019-07-25,
166,tt10658338,12/9/2023,12/9/2023,,Hot Ones: Binging with Babish Gets a Tattoo While Eating Spicy Wings,https://www.imdb.com/title/tt10658338/,tvEpisode,8.5,28,2019,"Comedy, Talk-Show",13,2019-07-18,
167,tt10621268,12/9/2023,12/9/2023,,Hot Ones: Kumail Nanjiani Sweats Intensely While Eating Spicy Wings,https://www.imdb.com/title/tt10621268/,tvEpisode,7.7,,2019,"Comedy, Talk-Show",20,2019-07-11,
168,tt10589934,12/9/2023,12/9/2023,,Hot Ones: Adam Devine Gets Patriotic While Eating Spicy Wings,https://www.imdb.com/title/tt10589934/,tvEpisode,7.9,,2019,"Comedy, Talk-Show",19,2019-07-04,
169,tt10563196,12/9/2023,12/9/2023,,Hot Ones: Schoolboy Q Learns to Respect Spicy Wings,https://www.imdb.com/title/tt10563196/,tvEpisode,7,,2019,"Comedy, Talk-Show",12,2019-06-27,
170,tt10520578,12/9/2023,12/9/2023,,Hot Ones: Aubrey Plaza Snorts Milk While Eating Spicy Wings,https://www.imdb.com/title/tt10520578/,tvEpisode,7.5,,2019,"Comedy, Talk-Show",58,2019-06-20,
171,tt10482062,12/9/2023,12/9/2023,,Hot Ones: Trevor Noah Rides a Pain Rollercoaster While Eating Spicy Wings,https://www.imdb.com/title/tt10482062/,tvEpisode,8.1,,2019,"Comedy, Talk-Show",36,2019-06-13,
172,tt10447670,12/9/2023,12/9/2023,,Hot Ones: Halle Berry Refuses to Lose to Spicy Wings,https://www.imdb.com/title/tt10447670/,tvEpisode,8,,2019,"Comedy, Talk-Show",43,2019-06-06,
173,tt10414678,12/9/2023,12/9/2023,,Hot Ones: The Jonas Brothers Burn Up While Eating Spicy Wings,https://www.imdb.com/title/tt10414678/,tvEpisode,7,27,2019,"Comedy, Talk-Show",26,2019-05-30,
174,tt10984280,12/9/2023,12/9/2023,,Hot Ones: Shia LaBeouf Sheds a Tear While Eating Spicy Wings,https://www.imdb.com/title/tt10984280/,tvEpisode,8.7,29,2019,"Comedy, Talk-Show",63,2019-09-19,
175,tt11023524,12/9/2023,12/9/2023,,Hot Ones: Ashton Kutcher Gets an Endorphin Rush While Eating Spicy Wings,https://www.imdb.com/title/tt11023524/,tvEpisode,8.2,30,2019,"Comedy, Talk-Show",21,2019-09-26,
176,tt11065328,12/9/2023,12/9/2023,,Hot Ones: Noel Gallagher Looks Back in Anger at Spicy Wings,https://www.imdb.com/title/tt11065328/,tvEpisode,8,26,2019,"Comedy, Talk-Show",22,2019-10-03,
177,tt11100620,12/9/2023,12/9/2023,,Hot Ones: Liza Koshy Meets Her Future Self While Eating Spicy Wings,https://www.imdb.com/title/tt11100620/,tvEpisode,8,25,2019,"Comedy, Talk-Show",12,2019-10-10,
178,tt11137360,12/9/2023,12/9/2023,,Hot Ones: Paul Rudd Does a Historic Dab While Eating Spicy Wings,https://www.imdb.com/title/tt11137360/,tvEpisode,8.9,,2019,"Comedy, Talk-Show",72,2019-10-17,
179,tt11169652,12/9/2023,12/9/2023,,Hot Ones: Maisie Williams Shivers Uncontrollably While Eating Spicy Wings,https://www.imdb.com/title/tt11169652/,tvEpisode,7.7,24,2019,"Comedy, Talk-Show",35,2019-10-24,
180,tt11205362,12/9/2023,12/9/2023,,Hot Ones: Nick Offerman Gets the Job Done While Eating Spicy Wings,https://www.imdb.com/title/tt11205362/,tvEpisode,7.7,,2019,"Comedy, Talk-Show",38,2019-10-31,
181,tt11250242,12/9/2023,12/9/2023,,Hot Ones: DaBaby Crushes Ice Cream While Eating Spicy Wings,https://www.imdb.com/title/tt11250242/,tvEpisode,7.2,,2019,"Comedy, Talk-Show",10,2019-11-07,
182,tt11283488,12/9/2023,12/9/2023,,Hot Ones: Kristen Stewart Brings the Angels to Eat Spicy Wings,https://www.imdb.com/title/tt11283488/,tvEpisode,7.7,24,2019,"Comedy, Talk-Show",28,2019-11-14,
183,tt11333482,12/9/2023,12/9/2023,,Hot Ones: Chance the Rapper Battles Spicy Wings,https://www.imdb.com/title/tt11333482/,tvEpisode,7.6,25,2019,"Comedy, Talk-Show",14,2019-11-21,
184,tt11356800,12/9/2023,12/9/2023,,Hot Ones: Brad Leone Celebrates Thanksgiving with Spicy Wings,https://www.imdb.com/title/tt11356800/,tvEpisode,7.9,,2019,"Comedy, Talk-Show",10,2019-11-28,
185,tt11391854,12/9/2023,12/9/2023,,Hot Ones: John Boyega Summons the Force While Eating Spicy Wings,https://www.imdb.com/title/tt11391854/,tvEpisode,8.1,,2019,"Comedy, Talk-Show",18,2019-12-05,
186,tt11849366,12/9/2023,12/9/2023,,Hot Ones: The Hot Ones Holiday Special 2019,https://www.imdb.com/title/tt11849366/,tvEpisode,6.7,14,2019,"Comedy, Talk-Show",7,2019-12-12,
187,tt11849460,12/9/2023,12/9/2023,,Hot Ones: The Best Da Bomb Reactions of 2019,https://www.imdb.com/title/tt11849460/,tvEpisode,,,2019,"Comedy, Talk-Show",,2019-12-21,
188,tt11760522,12/9/2023,12/9/2023,,Hot Ones: Margot Robbie Pushes Her Limits While Eating Spicy Wings,https://www.imdb.com/title/tt11760522/,tvEpisode,7.5,,2020,"Comedy, Talk-Show",34,2020-02-06,
189,tt11785846,12/9/2023,12/9/2023,,Hot Ones: ZoÃ« Kravitz Gets Trippy While Eating Spicy Wings,https://www.imdb.com/title/tt11785846/,tvEpisode,7.5,,2020,"Comedy, Talk-Show",19,2020-02-13,
190,tt11826374,12/9/2023,12/9/2023,,Hot Ones: Will Ferrell Deeply Regrets Eating Spicy Wings,https://www.imdb.com/title/tt11826374/,tvEpisode,7.4,,2020,"Comedy, Talk-Show",32,2020-02-20,
191,tt11871376,12/9/2023,12/9/2023,,Hot Ones: Halsey Experiences the Jersey Devil While Eating Spicy Wings,https://www.imdb.com/title/tt11871376/,tvEpisode,7.1,,2020,"Comedy, Talk-Show",14,2020-02-27,
192,tt11929282,12/9/2023,12/9/2023,,Hot Ones: Pete Davidson Drips with Sweat While Eating Spicy Wings,https://www.imdb.com/title/tt11929282/,tvEpisode,8,,2020,"Comedy, Talk-Show",32,2020-03-05,
193,tt11958274,12/9/2023,12/9/2023,,Hot Ones: David Dobrik Experiences Real Pain While Eating Spicy Wings,https://www.imdb.com/title/tt11958274/,tvEpisode,7.2,,2020,"Comedy, Talk-Show",13,2020-03-12,
194,tt12007902,12/9/2023,12/9/2023,,Hot Ones: Big Sean Goes on a Spiritual Journey While Eating Spicy Wings,https://www.imdb.com/title/tt12007902/,tvEpisode,8.1,,2020,"Comedy, Talk-Show",9,2020-03-19,
195,tt12077564,12/9/2023,12/9/2023,,Hot Ones: Zac Efron Ups the Ante While Eating Spicy Wings,https://www.imdb.com/title/tt12077564/,tvEpisode,8,,2020,"Comedy, Talk-Show",19,2020-04-02,
196,tt12116014,12/9/2023,12/9/2023,,Hot Ones: Justin Timberlake Cries a River While Eating Spicy Wings,https://www.imdb.com/title/tt12116014/,tvEpisode,7.6,,2020,"Comedy, Talk-Show",31,2020-04-09,
197,tt12210568,12/9/2023,12/9/2023,,Hot Ones: Bert Kreischer Returns for a Rematch Against Spicy Wings,https://www.imdb.com/title/tt12210568/,tvEpisode,7.2,,2020,"Comedy, Talk-Show",7,2020-04-23,
198,tt12603584,12/9/2023,12/9/2023,,Hot Ones: Tom Segura Keeps It High and Tight While Eating Spicy Wings,https://www.imdb.com/title/tt12603584/,tvEpisode,6.9,23,2020,"Comedy, Talk-Show",9,2020-06-25,
199,tt12636582,12/9/2023,12/9/2023,,Hot Ones: Brie Larson Takes on a New Form While Eating Spicy Wings,https://www.imdb.com/title/tt12636582/,tvEpisode,7.3,26,2020,"Comedy, Talk-Show",13,2020-07-02,
200,tt12691164,12/9/2023,12/9/2023,,Hot Ones: Eric Andre Enters a Fugue State While Eating Spicy Wings,https://www.imdb.com/title/tt12691164/,tvEpisode,7.2,23,2020,"Comedy, Talk-Show",14,2020-07-09,
201,tt13551130,12/9/2023,12/9/2023,,Hot Ones: Dan Levy Gets Panicky While Eating Spicy Wings,https://www.imdb.com/title/tt13551130/,tvEpisode,,26,2020,"Comedy, Talk-Show",,2020-07-16,
202,tt13551154,12/9/2023,12/9/2023,,Hot Ones: Dua Lipa Sweats from Her Eyes While Eating Spicy Wings,https://www.imdb.com/title/tt13551154/,tvEpisode,7.8,22,2020,"Comedy, Talk-Show",5,2020-07-23,
203,tt13551178,12/9/2023,12/9/2023,,Hot Ones: T-Pain Tastes Gas While Eating Spicy Wings,https://www.imdb.com/title/tt13551178/,tvEpisode,,23,2020,"Comedy, Talk-Show",,2020-07-30,
204,tt13551204,12/9/2023,12/9/2023,,Hot Ones: Adam Richman Impersonates Noel Gallagher While Eating Spicy Wings,https://www.imdb.com/title/tt13551204/,tvEpisode,,27,2020,"Comedy, Talk-Show",,2020-08-06,
205,tt13551252,12/9/2023,12/9/2023,,Hot Ones: Action Bronson Shakes It Out While Eating Spicy Wings,https://www.imdb.com/title/tt13551252/,tvEpisode,,24,2020,"Comedy, Talk-Show",,2020-08-13,
206,tt13551274,12/9/2023,12/9/2023,,Hot Ones: Drew Barrymore Has a Hard Time Processing While Eating Hot Wings,https://www.imdb.com/title/tt13551274/,tvEpisode,7.6,25,2020,"Comedy, Talk-Show",11,2020-08-20,
207,tt13551330,12/9/2023,12/9/2023,,Hot Ones: Joseph Gordon-Levitt Gets Cocky While Eating Spicy Wings,https://www.imdb.com/title/tt13551330/,tvEpisode,7,25,2020,"Comedy, Talk-Show",6,2020-08-27,
208,tt13550512,12/9/2023,12/9/2023,,Hot Ones: Jessica Alba Applies Lip Gloss While Eating Spicy Wings,https://www.imdb.com/title/tt13550512/,tvEpisode,6.8,29,2020,"Comedy, Talk-Show",10,2020-10-01,
209,tt13550594,12/9/2023,12/9/2023,,Hot Ones: Ronda Rousey Splits Bones While Eating Spicy Wings,https://www.imdb.com/title/tt13550594/,tvEpisode,6.6,21,2020,"Comedy, Talk-Show",10,2020-10-08,
210,tt13550608,12/9/2023,12/9/2023,,Hot Ones: Naomi Campbell Almost Faints While Eating Spicy Wings,https://www.imdb.com/title/tt13550608/,tvEpisode,,22,2020,"Comedy, Talk-Show",,2020-10-15,
211,tt13550488,12/9/2023,12/9/2023,,Hot Ones: Matthew McConaughey Grunts It Out While Eating Spicy Wings,https://www.imdb.com/title/tt13550488/,tvEpisode,,27,2020,"Comedy, Talk-Show",,2020-10-22,
212,tt13550612,12/9/2023,12/9/2023,,Hot Ones: Sam Smith Screams in Pain While Eating Spicy Wings,https://www.imdb.com/title/tt13550612/,tvEpisode,,22,2020,"Comedy, Talk-Show",,2020-10-29,
213,tt13550770,12/9/2023,12/9/2023,,Hot Ones: Saweetie Almost Tap Tap Taps Out While Eating Spicy Wings,https://www.imdb.com/title/tt13550770/,tvEpisode,,19,2020,"Comedy, Talk-Show",,2020-11-05,
214,tt13550750,12/9/2023,12/9/2023,,Hot Ones: Thundercat Relives a Hot Sauce Nightmare While Eating Spicy Wings,https://www.imdb.com/title/tt13550750/,tvEpisode,,26,2020,"Comedy, Talk-Show",,2020-11-12,
215,tt13550476,12/9/2023,12/9/2023,,Hot Ones: The Undertaker Takes Care of Business While Eating Spicy Wings,https://www.imdb.com/title/tt13550476/,tvEpisode,7.2,26,2020,"Comedy, Talk-Show",12,2020-11-19,
216,tt13550434,12/9/2023,12/9/2023,,Hot Ones: Lil Nas X Celebrates Thanksgiving with the Biggest Last Dab Ever,https://www.imdb.com/title/tt13550434/,tvEpisode,,21,2020,"Comedy, Talk-Show",,2020-11-26,
217,tt13612558,12/9/2023,12/9/2023,,Hot Ones: Daniel Radcliffe Catches a Head Rush While Eating Spicy Wings,https://www.imdb.com/title/tt13612558/,tvEpisode,7.3,28,2020,"Comedy, Talk-Show",15,2020-12-03,
218,tt14260182,12/9/2023,12/9/2023,,Hot Ones: Priyanka Chopra Jonas Explains the Essence of Hot Sauce While Eating Spicy Wings,https://www.imdb.com/title/tt14260182/,tvEpisode,,21,2021,"Comedy, Talk-Show",,2021-01-28,
219,tt21478358,12/9/2023,12/9/2023,,Hot Ones: Dustin Poirier Is Paid in Full While Eating Spicy Wings,https://www.imdb.com/title/tt21478358/,tvEpisode,,,2021,"Comedy, Talk-Show",,2021-02-04,
220,tt21478448,12/9/2023,12/9/2023,,Hot Ones: Kevin James Forgets Who He Is While Eating Spicy Wings,https://www.imdb.com/title/tt21478448/,tvEpisode,,,2021,"Comedy, Talk-Show",,2021-02-11,
221,tt21478376,12/9/2023,12/9/2023,,Hot Ones: Awkwafina Gets Hot and Cold While Eating Spicy Wings,https://www.imdb.com/title/tt21478376/,tvEpisode,,,2021,"Comedy, Talk-Show",,2021-02-18,
222,tt21478520,12/9/2023,12/9/2023,,Hot Ones: Kenan Thompson Becomes a Card-Carrying Spiceman While Eating Spicy Wings,https://www.imdb.com/title/tt21478520/,tvEpisode,,,2022,"Comedy, Talk-Show",,2022-02-25,
223,tt21478522,12/9/2023,12/9/2023,,Hot Ones: Anthony Mackie Quotes Shakespeare While Eating Spicy Wings,https://www.imdb.com/title/tt21478522/,tvEpisode,,,2021,"Comedy, Talk-Show",,2021-03-04,
224,tt14265902,12/9/2023,12/9/2023,,Hot Ones: Paris Hilton Says 'That's Hot' While Eating Spicy Wings,https://www.imdb.com/title/tt14265902/,tvEpisode,6.8,22,2021,"Comedy, Talk-Show",10,2021-03-11,
225,tt14272760,12/9/2023,12/9/2023,,Hot Ones: Jennifer Garner Says 'Golly' While Eating Spicy Wings,https://www.imdb.com/title/tt14272760/,tvEpisode,7.5,23,2021,"Comedy, Talk-Show",12,2021-03-18,
226,tt14476200,12/9/2023,12/9/2023,,Hot Ones: J Balvin Meets the Devil While Eating Spicy Wings,https://www.imdb.com/title/tt14476200/,tvEpisode,,,2021,"Comedy, Talk-Show",,2021-03-25,
227,tt14369978,12/9/2023,12/9/2023,,Hot Ones: Jeffrey Dean Morgan Can't Feel His Face While Eating Spicy Wings,https://www.imdb.com/title/tt14369978/,tvEpisode,9.1,,2021,"Comedy, Talk-Show",20,2021-04-01,
228,tt14476212,12/9/2023,12/9/2023,,Hot Ones: Russell Brand Serenades Superfan Brett Baker While Eating Spicy Wings,https://www.imdb.com/title/tt14476212/,tvEpisode,,,2021,"Comedy, Talk-Show",,2021-04-08,
229,tt14476226,12/9/2023,12/9/2023,,Hot Ones: Steve-O Takes It Too Far While Eating Spicy Wings,https://www.imdb.com/title/tt14476226/,tvEpisode,7.3,,2021,"Comedy, Talk-Show",17,2021-04-15,
230,tt21479198,12/9/2023,12/9/2023,,Hot Ones: Jack Harlow Returns to the Studio to Eat Spicy Wings,https://www.imdb.com/title/tt21479198/,tvEpisode,,,2021,"Comedy, Talk-Show",,2021-05-27,
231,tt21479220,12/9/2023,12/9/2023,,Hot Ones: Kamaru Usman Goes to the Mat Against Spicy Wings,https://www.imdb.com/title/tt21479220/,tvEpisode,,,2021,"Comedy, Talk-Show",,2021-06-03,
232,tt21478482,12/9/2023,12/9/2023,,Hot Ones: Quavo Is Stunned by Spicy Wings,https://www.imdb.com/title/tt21478482/,tvEpisode,,,2021,"Comedy, Talk-Show",,2021-06-10,
233,tt15293078,12/9/2023,12/9/2023,,Hot Ones: Elizabeth Olsen Feels Brave While Eating Spicy Wings,https://www.imdb.com/title/tt15293078/,tvEpisode,8,,2021,"Comedy, Talk-Show",13,2021-06-17,
234,tt21479230,12/9/2023,12/9/2023,,Hot Ones: Olivia Rodrigo Burns Her Lips While Eating Spicy Wings,https://www.imdb.com/title/tt21479230/,tvEpisode,,,2021,"Comedy, Talk-Show",,2021-06-24,
235,tt21479246,12/9/2023,12/9/2023,,Hot Ones: Malcolm Gladwell Hits the Tipping Point While Eating Spicy Wings,https://www.imdb.com/title/tt21479246/,tvEpisode,,,2021,"Comedy, Talk-Show",,2021-07-01,
236,tt21479422,12/9/2023,12/9/2023,,Hot Ones: Ed Sheeran Tries to Avoid Failure While Eating Spicy Wings,https://www.imdb.com/title/tt21479422/,tvEpisode,7.9,,2021,"Comedy, Talk-Show",9,2021-07-01,
237,tt21479366,12/9/2023,12/9/2023,,Hot Ones: David Harbour Feels Out of Control While Eating Spicy Wings,https://www.imdb.com/title/tt21479366/,tvEpisode,,,2021,"Comedy, Talk-Show",,2021-07-15,
238,tt21479370,12/9/2023,12/9/2023,,Hot Ones: Michael Che Gs Up While Eating Spicy Wings,https://www.imdb.com/title/tt21479370/,tvEpisode,7.6,,2021,"Comedy, Talk-Show",5,2021-07-22,
239,tt21479376,12/9/2023,12/9/2023,,Hot Ones: Lorde Drops the Mic While Eating Spicy Wings,https://www.imdb.com/title/tt21479376/,tvEpisode,8,,2021,"Comedy, Talk-Show",9,2021-07-29,
240,tt21479386,12/9/2023,12/9/2023,,Hot Ones: Matt Damon Sweats from His Scalp While Eating Spicy Wings,https://www.imdb.com/title/tt21479386/,tvEpisode,8.4,,2021,"Comedy, Talk-Show",14,2021-08-05,
241,tt21479394,12/9/2023,12/9/2023,,Hot Ones: Elijah Wood Tastes the Lava of Mount Doom While Eating Spicy Wings,https://www.imdb.com/title/tt21479394/,tvEpisode,8.5,,2021,"Comedy, Talk-Show",12,2021-08-12,
242,tt21478922,12/9/2023,12/9/2023,,Hot Ones: Jimmy Kimmel Feels Poisoned by Spicy Wings,https://www.imdb.com/title/tt21478922/,tvEpisode,8.4,,2021,"Comedy, Talk-Show",8,2021-09-23,
243,tt21479472,12/9/2023,12/9/2023,,Hot Ones: Derrick Lewis is Not Okay While Eating Spicy Wings,https://www.imdb.com/title/tt21479472/,tvEpisode,,,2021,"Comedy, Talk-Show",,2021-09-30,
244,tt21479478,12/9/2023,12/9/2023,,Hot Ones: Jon Bernthal Gets Punished by Spicy Wings,https://www.imdb.com/title/tt21479478/,tvEpisode,8.3,,2021,"Comedy, Talk-Show",8,2021-10-07,
245,tt21479490,12/9/2023,12/9/2023,,Hot Ones: Megan Thee Stallion Turns Into Hot Girl Meg While Eating Spicy Wings,https://www.imdb.com/title/tt21479490/,tvEpisode,,,2021,"Comedy, Talk-Show",,2021-10-14,
246,tt21479540,12/9/2023,12/9/2023,,Hot Ones: CL Gets Extra Spicy While Eating Spicy Wings,https://www.imdb.com/title/tt21479540/,tvEpisode,,,2021,"Comedy, Talk-Show",,2021-10-21,
247,tt21479548,12/9/2023,12/9/2023,,Hot Ones: Mila Kunis Hits the Ranch While Eating Spicy Wings,https://www.imdb.com/title/tt21479548/,tvEpisode,7.8,,2021,"Comedy, Talk-Show",13,2021-10-28,
248,tt21479564,12/9/2023,12/9/2023,,Hot Ones: Salma Hayek Adopts Sean Evans While Eating Spicy Wings,https://www.imdb.com/title/tt21479564/,tvEpisode,,,2021,"Comedy, Talk-Show",,2021-11-04,
249,tt21479600,12/9/2023,12/9/2023,,Hot Ones: Jeremy Renner Goes Blind in One Eye While Eating Spicy Wings,https://www.imdb.com/title/tt21479600/,tvEpisode,7.7,,2021,"Comedy, Talk-Show",6,2021-11-11,
250,tt21479610,12/9/2023,12/9/2023,,Hot Ones: David Chang Sweats Like Crazy While Eating Spicy Wings,https://www.imdb.com/title/tt21479610/,tvEpisode,,,2021,"Comedy, Talk-Show",,2021-11-18,
251,tt21601054,12/9/2023,12/9/2023,,Hot Ones: Rob Lowe Ruins Thanksgiving by Eating Spicy Wings,https://www.imdb.com/title/tt21601054/,tvEpisode,,,2021,"Comedy, Talk-Show",,2021-11-25,
252,tt21478998,12/9/2023,12/9/2023,,Hot Ones: Simu Liu Chugs Boba While Eating Spicy Wings,https://www.imdb.com/title/tt21478998/,tvEpisode,7.2,,2021,"Comedy, Talk-Show",6,2021-12-02,
253,tt21478972,12/9/2023,12/9/2023,,Hot Ones: Tom Holland Calls for a Doctor While Eating Spicy Wings,https://www.imdb.com/title/tt21478972/,tvEpisode,8,,2021,"Comedy, Talk-Show",15,2021-12-09,
254,tt21478812,12/9/2023,12/9/2023,,Hot Ones: Seth Rogen Scorches His Tongue While Eating Spicy Wings,https://www.imdb.com/title/tt21478812/,tvEpisode,7.2,,2022,"Comedy, Talk-Show",9,2022-01-20,
255,tt21478816,12/9/2023,12/9/2023,,Hot Ones: Tracee Ellis Ross Calls for Her Mommy While Eating Spicy Wings,https://www.imdb.com/title/tt21478816/,tvEpisode,,,2022,"Comedy, Talk-Show",,2022-01-27,
256,tt21478822,12/9/2023,12/9/2023,,Hot Ones: Ed Helms Needs a Mouth Medic While Eating Spicy Wings,https://www.imdb.com/title/tt21478822/,tvEpisode,8,,2022,"Comedy, Talk-Show",9,2022-02-03,
257,tt21478828,12/9/2023,12/9/2023,,Hot Ones: Sebastian Stan Learns About Himself While Eating Spicy Wings,https://www.imdb.com/title/tt21478828/,tvEpisode,,,2022,"Comedy, Talk-Show",,2022-02-10,
258,tt21478842,12/9/2023,12/9/2023,,Hot Ones: Andrew Zimmern Has a Bucket List Moment While Eating Spicy Wings,https://www.imdb.com/title/tt21478842/,tvEpisode,,,2022,"Comedy, Talk-Show",,2022-02-17,
259,tt21090642,12/9/2023,12/9/2023,,Hot Ones: Dave Grohl Makes a New Friend While Eating Spicy Wings,https://www.imdb.com/title/tt21090642/,tvEpisode,8.7,,2021,"Comedy, Talk-Show",16,2021-02-24,
260,tt18774538,12/9/2023,12/9/2023,,Hot Ones: Colin Farrell Searches for Meaning in the Pain of Spicy Wings,https://www.imdb.com/title/tt18774538/,tvEpisode,8.4,,2021,"Comedy, Talk-Show",17,2021-03-16,
261,tt27240640,12/9/2023,12/9/2023,,Hot Ones: Courteney Cox becomes Friends with Spicy Wings,https://www.imdb.com/title/tt27240640/,tvEpisode,,,2022,"Comedy, Talk-Show",,2022-03-10,
262,tt27855183,12/9/2023,12/9/2023,,Hot Ones: Jacob Elordi Feels Euphoric While Eating Spicy Wings,https://www.imdb.com/title/tt27855183/,tvEpisode,,,2022,"Comedy, Talk-Show",,2022-03-17,
263,tt27855209,12/9/2023,12/9/2023,,Hot Ones: Pusha T Has Beef With Spicy Wings,https://www.imdb.com/title/tt27855209/,tvEpisode,,,2022,"Comedy, Talk-Show",,2022-03-24,
264,tt27855222,12/9/2023,12/9/2023,,Hot Ones: Leslie Mann Gets Revenge While Eating Spicy Wings,https://www.imdb.com/title/tt27855222/,tvEpisode,,,2022,"Comedy, Talk-Show",,2022-03-31,
265,tt27855239,12/9/2023,12/9/2023,,Hot Ones: Josh Brolin Licks the Palate of Absurdity While Eating Spicy Wings,https://www.imdb.com/title/tt27855239/,tvEpisode,9.1,,2022,"Comedy, Talk-Show",8,2022-04-07,
266,tt21478692,12/9/2023,12/9/2023,,Hot Ones: Post Malone Has His Brain Hacked by Spicy Wings,https://www.imdb.com/title/tt21478692/,tvEpisode,8,,2022,"Comedy, Talk-Show",9,2022-05-26,
267,tt21478702,12/9/2023,12/9/2023,,Hot Ones: Millie Bobby Brown Needs a Milkshake While Eating Spicy Wings,https://www.imdb.com/title/tt21478702/,tvEpisode,7.8,,2022,"Comedy, Talk-Show",14,2022-06-02,
268,tt21478724,12/9/2023,12/9/2023,,Hot Ones: Queen Latifah Sets It Off While Eating Spicy Wings,https://www.imdb.com/title/tt21478724/,tvEpisode,7.5,,2022,"Comedy, Talk-Show",6,2022-06-09,
269,tt21478730,12/9/2023,12/9/2023,,Hot Ones: Kevin Bacon Needs Six Degrees of Separation from Spicy Wings,https://www.imdb.com/title/tt21478730/,tvEpisode,7.5,,2022,"Comedy, Talk-Show",6,2022-06-16,
270,tt21478742,12/9/2023,12/9/2023,,Hot Ones: KhloÃ© Kardashian Holds Back Tears While Eating Spicy Wings,https://www.imdb.com/title/tt21478742/,tvEpisode,7.2,,2022,"Comedy, Talk-Show",8,2022-06-23,
271,tt21478760,12/9/2023,12/9/2023,,Hot Ones: Andrew Callaghan Goes for the Marrow While Eating Spicy Wings,https://www.imdb.com/title/tt21478760/,tvEpisode,,,2022,"Comedy, Talk-Show",,2022-06-30,
272,tt21478766,12/9/2023,12/9/2023,,Hot Ones: Tessa Thompson Feels Alive While Eating Spicy Wings,https://www.imdb.com/title/tt21478766/,tvEpisode,8.5,,2022,"Comedy, Talk-Show",6,2022-07-07,
273,tt21478770,12/9/2023,12/9/2023,,Hot Ones: Gabriel Iglesias Feels Cursed by Spicy Wings,https://www.imdb.com/title/tt21478770/,tvEpisode,8.4,,2022,"Comedy, Talk-Show",5,2022-07-11,
274,tt21478782,12/9/2023,12/9/2023,,Hot Ones: Daniel Kaluuya Listens to His Ego While Eating Spicy Wings,https://www.imdb.com/title/tt21478782/,tvEpisode,8.4,,2022,"Comedy, Talk-Show",11,2022-07-14,
275,tt21477662,12/9/2023,12/9/2023,,Hot Ones: Bear Grylls Battles for Survival Against Spicy Wings,https://www.imdb.com/title/tt21477662/,tvEpisode,,,2022,"Comedy, Talk-Show",,2022-07-21,
276,tt21478678,12/9/2023,12/9/2023,,Hot Ones: Mark Rober Gives Up on Science While Eating Spicy Wings,https://www.imdb.com/title/tt21478678/,tvEpisode,,,2022,"Comedy, Talk-Show",,2022-07-28,
277,tt21479100,12/9/2023,12/9/2023,,Hot Ones: Lizzo Earns Her Hot Sauce Crown While Eating Spicy Wings,https://www.imdb.com/title/tt21479100/,tvEpisode,6.7,,2022,"Comedy, Talk-Show",8,2022-08-04,
278,tt21745726,12/9/2023,12/9/2023,,Hot Ones: Neil Patrick Harris Needs Magic to Escape Spicy Wings,https://www.imdb.com/title/tt21745726/,tvEpisode,8,,2022,"Comedy, Talk-Show",15,2022-08-11,
279,tt22464716,12/9/2023,12/9/2023,,Hot Ones: David Blaine Does Magic While Eating Spicy Wings,https://www.imdb.com/title/tt22464716/,tvEpisode,8.8,27,2022,"Comedy, Talk-Show",11,2022-09-29,
280,tt22528284,12/9/2023,12/9/2023,,Hot Ones: Kid Cudi Goes to the Moon While Eating Spicy Wings,https://www.imdb.com/title/tt22528284/,tvEpisode,,,2022,"Comedy, Talk-Show",,2022-10-06,
281,tt23018478,12/9/2023,12/9/2023,,Hot Ones: Viola Davis Gives a Master Class While Eating Spicy Wings,https://www.imdb.com/title/tt23018478/,tvEpisode,8.5,,2022,"Comedy, Talk-Show",12,2022-10-13,
282,tt23018512,12/9/2023,12/9/2023,,Hot Ones: Cole Bennett Needs Lemonade While Eating Spicy Wings,https://www.imdb.com/title/tt23018512/,tvEpisode,,,2022,"Comedy, Talk-Show",,2022-10-20,
283,tt23118650,12/9/2023,12/9/2023,,Hot Ones: Cate Blanchett Pretends No One's Watching While Eating Spicy Wings,https://www.imdb.com/title/tt23118650/,tvEpisode,8.2,,2022,"Comedy, Talk-Show",15,2022-10-27,
284,tt23874538,12/9/2023,12/9/2023,,Hot Ones: Emma Chamberlain Has a Spiritual Awakening While Eating Spicy Wings,https://www.imdb.com/title/tt23874538/,tvEpisode,,,2022,"Comedy, Talk-Show",,2022-11-03,
285,tt23874546,12/9/2023,12/9/2023,,Hot Ones: James Corden Experiences Mouth Karma While Eating Spicy Wings,https://www.imdb.com/title/tt23874546/,tvEpisode,3.8,26,2022,"Comedy, Talk-Show",7,2022-11-10,
286,tt23874552,12/9/2023,12/9/2023,,Hot Ones: Ramy Youssef Lives on a Prayer While Eating Spicy Wings,https://www.imdb.com/title/tt23874552/,tvEpisode,,,2022,"Comedy, Talk-Show",,2022-11-17,
287,tt23874570,12/9/2023,12/9/2023,,Hot Ones: Israel Adesanya Gives Thanks While Eating Spicy Wings,https://www.imdb.com/title/tt23874570/,tvEpisode,,26,2022,"Comedy, Talk-Show",,2022-11-24,
288,tt23899972,12/9/2023,12/9/2023,,Hot Ones: Zoe SaldaÃ±a Gets Scorched by Spicy Wings,https://www.imdb.com/title/tt23899972/,tvEpisode,7.8,,2022,"Comedy, Talk-Show",9,2022-12-01,
289,tt24164558,12/9/2023,12/9/2023,,Hot Ones: Kate Hudson Stays Positive While Eating Spicy Wings,https://www.imdb.com/title/tt24164558/,tvEpisode,7.7,,2022,"Comedy, Talk-Show",11,2022-12-08,
290,tt24513524,12/9/2023,12/9/2023,,Hot Ones: Paul Dano Needs a Burp Cloth While Eating Spicy Wing,https://www.imdb.com/title/tt24513524/,tvEpisode,8.6,,2022,"Comedy, Talk-Show",7,2022-12-15,
291,tt26458812,12/9/2023,12/9/2023,,Hot Ones: Anna Kendrick Gets the Giggles While Eating Spicy Wings,https://www.imdb.com/title/tt26458812/,tvEpisode,8.2,,2023,"Comedy, Talk-Show",18,2023-01-26,
292,tt26598567,12/9/2023,12/9/2023,,Hot Ones: Bryan Cranston Fully Commits While Eating Spicy Wings,https://www.imdb.com/title/tt26598567/,tvEpisode,8.5,,2023,"Comedy, Talk-Show",17,2023-02-02,
293,tt26685384,12/9/2023,12/9/2023,,Hot Ones: Lenny Kravitz Stays Cool While Eating Spicy Wings,https://www.imdb.com/title/tt26685384/,tvEpisode,7.3,,2023,"Comedy, Talk-Show",7,2023-02-09,
294,tt26749282,12/9/2023,12/9/2023,,Hot Ones: Austin Butler Searches for Comfort While Eating Spicy Wings,https://www.imdb.com/title/tt26749282/,tvEpisode,8.2,,2023,"Comedy, Talk-Show",5,2023-02-16,
295,tt26934629,12/9/2023,12/9/2023,,Hot Ones: LL COOL J Needs Some Milk While Eating Spicy Wings,https://www.imdb.com/title/tt26934629/,tvEpisode,7.2,,2023,"Comedy, Talk-Show",6,2023-02-23,
296,tt26940835,12/9/2023,12/9/2023,,Hot Ones: Jenna Ortega Doesn't Flinch While Eating Spicy Wings,https://www.imdb.com/title/tt26940835/,tvEpisode,8.5,,2023,"Comedy, Talk-Show",18,2023-03-02,
297,tt27075330,12/9/2023,12/9/2023,,Hot Ones: Pedro Pascal Cries from His Head While Eating Spicy Wings,https://www.imdb.com/title/tt27075330/,tvEpisode,9,26,2023,"Comedy, Talk-Show",27,2023-03-09,
298,tt27161112,12/9/2023,12/9/2023,,Hot Ones: Niall Horan Gets the Shakes While Eating Spicy Wings,https://www.imdb.com/title/tt27161112/,tvEpisode,,,2023,"Comedy, Talk-Show",,2023-03-16,
299,tt27374435,12/9/2023,12/9/2023,,Hot Ones: Bob Odenkirk Has a Fire in His Belly While Eating Spicy Wings,https://www.imdb.com/title/tt27374435/,tvEpisode,7.3,,2023,"Comedy, Talk-Show",13,2023-03-23,
300,tt27374448,12/9/2023,12/9/2023,,Hot Ones: Florence Pugh Sweats from Her Eyebrows While Eating Spicy Wings,https://www.imdb.com/title/tt27374448/,tvEpisode,7.8,,2023,"Comedy, Talk-Show",16,2023-03-30,
301,tt27485387,12/9/2023,12/9/2023,,Hot Ones: Kieran Culkin Fires Sean While Eating Spicy Wings,https://www.imdb.com/title/tt27485387/,tvEpisode,8.2,,2023,"Comedy, Talk-Show",10,2023-04-06,
302,tt27644450,12/9/2023,12/9/2023,,Hot Ones: Jake Gyllenhaal Gets a Leg Cramp While Eating Spicy Wings,https://www.imdb.com/title/tt27644450/,tvEpisode,8.3,,2023,"Comedy, Talk-Show",6,2023-04-13,
303,tt27855365,12/9/2023,12/9/2023,,Hot Ones: Jason Sudeikis Embraces Da Bomb While Eating Spicy Wings,https://www.imdb.com/title/tt27855365/,tvEpisode,8.3,,2023,"Comedy, Talk-Show",9,2023-05-25,
304,tt27928784,12/9/2023,12/9/2023,,Hot Ones: Julia Louis-Dreyfus Fires Her Publicist While Eating Spicy Wings,https://www.imdb.com/title/tt27928784/,tvEpisode,7.2,,2023,"Comedy, Talk-Show",11,2023-06-01,
305,tt27998805,12/9/2023,12/9/2023,,Hot Ones: RosalÃ­a Can't Stop Laughing While Eating Spicy Wings,https://www.imdb.com/title/tt27998805/,tvEpisode,,,2023,"Comedy, Talk-Show",,2023-06-08,
306,tt28087264,12/9/2023,12/9/2023,,Hot Ones: Melissa McCarthy Prepares for the Worst While Eating Spicy Wings,https://www.imdb.com/title/tt28087264/,tvEpisode,7.4,,2023,"Comedy, Talk-Show",10,2023-06-15,
307,tt28156161,12/9/2023,12/9/2023,,Hot Ones: Jennifer Lawrence Sobs in Pain While Eating Spicy Wings,https://www.imdb.com/title/tt28156161/,tvEpisode,8,,2023,"Comedy, Talk-Show",24,2023-06-22,
308,tt28248017,12/9/2023,12/9/2023,,Hot Ones: John Mulaney Seeks the Truth While Eating Spicy Wings,https://www.imdb.com/title/tt28248017/,tvEpisode,8.2,,2023,"Comedy, Talk-Show",14,2023-06-29,
309,tt28312712,12/9/2023,12/9/2023,,Hot Ones: Lewis Capaldi Grasps for a Lifeline While Eating Spicy Wings,https://www.imdb.com/title/tt28312712/,tvEpisode,7.6,,2023,"Comedy, Talk-Show",9,2023-07-06,
310,tt28358536,12/9/2023,12/9/2023,,Hot Ones: Harry Kane Takes One for the Team While Eating Spicy Wings,https://www.imdb.com/title/tt28358536/,tvEpisode,7.7,,2023,"Comedy, Talk-Show",7,2023-07-13,
311,tt28452944,12/9/2023,12/9/2023,,Hot Ones: John Stamos Falls Out of His Chair While Eating Spicy Wings,https://www.imdb.com/title/tt28452944/,tvEpisode,8.4,,2023,"Comedy, Talk-Show",7,2023-07-20,
312,tt28506622,12/9/2023,12/9/2023,,Hot Ones: Stephen Curry is on Fire While Eating Spicy Wings,https://www.imdb.com/title/tt28506622/,tvEpisode,,,2023,"Comedy, Talk-Show",,2023-07-28,
313,tt28555513,12/9/2023,12/9/2023,,Hot Ones: Anitta Lets It Fly While Eating Spicy Wings,https://www.imdb.com/title/tt28555513/,tvEpisode,6.8,,2023,"Comedy, Talk-Show",5,2023-08-03,
314,tt28632593,12/9/2023,12/9/2023,,Hot Ones: Gal Gadot Does a Spit Take While Eating Spicy Wings,https://www.imdb.com/title/tt28632593/,tvEpisode,7.4,,2023,"Comedy, Talk-Show",12,2023-08-10,
